,time,mw
0,12.950119814328703,4.503942947419683
1,13.397026220324074,4.202374211415581
2,34.68024985564815,4.2651795844128655
3,59.901827189224534,4.1674149770545466
4,270.05145849631947,4.550808030290988
5,419.0199449167361,4.034777806828387
6,492.2173602843866,4.633079911002671
7,555.9699703243172,4.492966960375494
8,572.8587101443982,4.796515263381631
9,629.7551222497107,4.696438862037934
10,738.136109819051,4.153957174545551
11,893.3432685704051,4.872372676254285
12,917.0395221878241,5.978626945281992
13,1026.7326968277778,4.087224261974556
14,1117.6195749249189,4.812094569614269
15,1242.2433933746875,4.133781296599814
16,1275.4015655538078,4.047449232576906
17,1296.9713087552084,4.007735375819336
18,1318.8095978970832,4.8032601207926895
19,1423.173050872882,5.155410165077804
20,1487.5886957388195,4.026144607717169
21,1491.3386916136458,4.461437002601873
22,1503.8126723163657,4.115796663283668
23,1643.8295030620834,4.2820089185989465
24,1686.3156942825926,4.29566806679096
25,1696.1030831198264,4.404589196451351
26,1723.0300121195833,4.03725264880785
27,1727.2632753565856,4.021585471146582
28,1727.8297118355904,4.757214696943706
29,1745.0459239480208,4.020548295472198
30,1764.6392439124652,5.321352429847824
31,1771.4426131985879,4.144710325709731
32,1782.7725816583566,4.716055472757046
33,1827.7404646359028,4.650821357970654
34,1834.4013551954629,4.655451072609419
35,1834.8760985373494,4.083206200992902
36,1835.7870374313427,6.3946654324836985
37,1839.1271311223495,4.695830594338564
38,1840.7223204343518,4.324685324987574
39,1840.7772930787385,4.78955379080235
40,1851.4244364981134,4.299136578009135
41,2071.6542168812616,4.621785572906861
42,2074.2498392412617,4.163388081328316
43,2078.403520594757,4.177757377379792
44,2153.833991898773,4.465661198599365
45,2345.8862238427664,4.29702682123301
46,2367.9670525497686,5.203064091040347
47,2384.096888757766,4.077290596644004
48,2436.015984737604,4.3884265252129175
49,2488.379423450324,4.4834285609304825
50,2495.85355996772,4.495354031856507
51,2555.580662848125,4.380301730967188
52,2567.7427591596643,4.469994606970134
53,2567.8184542410186,5.620207989397405
54,2568.2816042480094,4.004272225465679
55,2581.2514195289814,4.933535038335061
56,2602.135882216713,4.075578176931481
57,2626.868387069884,4.212942648133956
58,2632.6762859856017,4.542857511355768
59,2672.567865598993,4.467817191790897
60,2776.7999978047105,4.05373671930243
61,2786.549751001609,4.384437290631561
62,2788.8553641496064,4.329684299168527
63,2801.7381414107754,4.052566133968291
64,2818.944741542639,4.397179419422292
65,2853.7094755641206,4.007931628842597
66,2908.6222011189584,4.469054794754545
67,2915.146648077014,4.305294866421148
68,3024.031521856053,4.742673822798196
69,3060.0991558017013,4.470770361077895
70,3060.491082594699,4.650820258466039
71,3141.5683248229284,4.277960507540847
72,3156.065062725729,4.315066094615943
73,3169.194442980301,4.054313523025676
74,3191.87568313897,4.547446826595955
75,3211.01970161272,4.234082050896593
76,3255.0954356337847,4.099579769059062
77,3268.843267021134,4.229093925727259
78,3277.5954125957755,4.104774245483883
79,3311.7959866102315,4.133189026476778
80,3462.3090725511806,4.14094530111703
81,3507.5931148691784,4.016607497057889
82,3539.2378589992823,4.128712418574351
83,3606.8951499492823,4.4727274002228254
84,3624.5117431351737,4.230909481849025
85,3646.1802332251505,4.088577198741223
86,3699.252100203125,4.00516385282787
87,3722.8049396853703,4.406102068316264
88,3773.7691566780786,4.334617098588712
89,3795.938972313889,4.901267635599272
90,3887.662104124028,4.213431594044214
91,3908.939019636817,5.221524223659751
92,4178.332799127986,4.537488874552998
93,4329.457083715822,4.463208841382285
94,4393.2673650119905,4.016540697524617
95,4412.7387835049885,4.003664994273766
96,4415.097940943206,4.559840641967623
97,4422.426114530104,4.565094918368489
98,4424.932227932107,4.407328660776598
99,4527.058934630047,5.6571622169572615
100,4530.307079577048,4.382616567686348
101,4532.104273319467,4.848818304755422
102,4537.424400526817,4.081856550710162
103,4646.628904668218,4.201742662561991
104,4708.201936928333,4.275416728136912
105,4757.042000857199,5.644020309023814
106,4758.146619615197,4.017632448397732
107,4769.724705321192,4.467255829310474
108,4771.827089615197,5.081101431677418
109,4772.625159021192,4.439024510491622
110,4783.825169742581,5.008229392267599
111,4816.343594168287,4.193931640046552
112,4935.217123386875,4.329075553854516
113,4944.158201634294,4.383834108522073
114,4955.020124565984,5.903262967806294
115,4987.635991842616,4.220089616643181
116,4988.1692083216785,4.176504747728142
117,5177.485312341296,4.303684519094794
118,5180.659548558287,4.168428900302103
119,5195.814850429931,4.138690688905296
120,5264.586634069294,4.722274088996192
121,5289.884734483252,4.721564379728593
122,5293.903848274954,4.39292894431096
123,5460.856899644317,4.246512919276516
124,5471.732489560463,4.140067662638366
125,5487.719964159757,4.006743114137846
126,5586.808414854225,4.168767814902217
127,5610.164851331378,4.037045193142122
128,5765.005720120533,4.118317147209384
129,5963.957358538588,5.038986326450876
130,5965.522726739583,4.039004859656105
131,6133.07122472213,4.34934224921712
132,6188.978057563183,4.95766407593326
133,6319.16847075456,4.0041148988861455
134,6330.229872013438,4.063919298023384
135,6469.323249430417,4.1081968061556005
136,6475.099707511412,4.707372588269312
137,6616.327913806516,4.037461092790251
138,6646.852322925324,4.130812461487645
139,6654.9484646393175,5.849410458081545
140,6675.332483821435,6.221661026945104
141,6675.759898490428,5.229884661118871
142,6675.762757929433,4.131711929760613
143,6677.306210460428,4.271449503649169
144,6679.755087352384,4.073117128650384
145,6715.873153756435,4.030675898574902
146,6744.027797906435,4.211535043984881
147,6762.421052806655,4.080917617197818
148,6779.315795821609,4.904816347091291
149,6781.718971760602,4.274155308737992
150,6813.184782147072,4.344020254983187
151,6836.945801186864,4.174078035740743
152,6855.569986523542,4.233243535165414
153,6859.696764866944,4.08251430303036
154,6942.33124720287,4.095347915948475
155,6954.386768319306,4.180312956612612
156,7036.359062748958,4.169595620612734
157,7113.248511717361,4.174431324699161
158,7210.443503442673,4.317467084880022
159,7215.9098250887155,4.298075974938296
160,7222.394196071921,4.729824930872386
161,7270.60319114934,4.951620927954751
162,7317.153751378612,4.48462118510203
163,7317.812702901609,4.04964135117295
164,7335.836944820683,4.075670160825238
165,7336.6291555756825,5.398298312846888
166,7343.424664566678,4.495731615272863
167,7481.862738361262,4.449560968042391
168,7509.410996336377,5.288000319643914
169,7593.254645906308,4.034758822505959
170,7625.811537343067,4.505628749736703
171,7700.973410840452,4.783042774263723
172,7822.490878371783,4.303964730801313
173,7900.934491128206,4.134733296702162
174,7986.8543896013425,4.13413459495948
175,8000.65469913088,5.426419270529555
176,8005.115560619873,4.281081940838881
177,8013.569679682871,4.093849902160505
178,8019.682961867488,4.771436022602247
179,8020.433593600486,4.015197612948356
180,8084.201713279479,4.047526162167017
181,8089.029614322222,4.166182579328209
182,8089.408151912222,4.686880436148295
183,8101.0502927844445,4.316508693014965
184,8230.921747297847,4.610759518886097
185,8239.759817046204,4.901843963702385
186,8241.989148295752,4.27725387341045
187,8259.767136895915,4.455203862001483
188,8268.24358508566,4.081833180422848
189,8288.20080628911,4.045856010967679
190,8378.462611895,4.174823799615922
191,8394.982634815244,4.581156797787555
192,8434.321353719479,4.085915115743699
193,8472.329359956864,4.218620181338963
194,8544.761565814351,4.111909889798159
195,8548.419649657997,4.176581950215805
196,8583.118230205266,4.478093079295871
197,8815.470008743056,5.6371029210307615
198,8822.290480690104,4.538510227876023
199,8830.50543417677,4.20436312412466
200,8843.942770215497,4.118820482674082
201,8853.170115443252,4.0807997871833255
202,8864.696438919711,4.412551443515345
203,8865.441951621713,4.534462825229304
204,8955.08186559508,4.00352089905353
205,9030.57216898169,4.546676316655864
206,9169.552056338332,4.287916042305831
207,9171.102402579329,4.195178366124293
208,9221.897272606355,4.03993007876851
209,9225.192197461354,4.798004840656971
210,9230.446855145914,4.743075901472644
211,9247.48182970221,4.362830759382093
212,9318.556405875486,4.1097595959768345
213,9347.6574725678,4.177119792724321
214,9355.498287142129,5.76116494326364
215,9357.842635728124,4.718684181643756
216,9358.650256291123,4.229470668631652
217,9359.923148776123,4.46176563437931
218,9386.6334130358,4.055748012770003
219,9499.828070761238,4.139147071779369
220,9538.514891069803,4.385765275135443
221,9594.534335671759,5.108794832459246
222,9747.04102683368,4.545003960726802
223,9756.558961037754,4.198555036617008
224,9760.040814084039,4.524425956166583
225,9766.29804970948,4.185821623732995
226,9885.665420641377,4.643316194416149
227,9891.079062140961,4.074256998434347
228,9896.11359902764,4.690692358344853
229,9898.447487731562,4.598653103395636
230,9898.720652557558,4.90153745239553
231,9906.736484784791,4.288943667178206
232,9915.536804410556,4.946450429716377
233,9917.395360087557,4.191422449294038
234,9926.544182142674,5.050952954463224
235,9954.070478809108,4.161983741564549
236,9970.179222358403,4.035648602873543
237,9980.102533006724,4.846509953229466
238,10004.239078986702,4.201153534292519
239,10005.611593833692,4.734818517767686
240,10082.928498237558,4.208465816246436
241,10083.653766318668,4.378958862604159
242,10243.651539764318,4.065256147999403
243,10293.112896005036,4.046531201528221
244,10305.994751623657,4.173247643955838
245,10324.34392737052,4.590561870911306
246,10328.803142510289,5.292775787970903
247,10335.071877519062,4.514804746690751
248,10380.983579241272,4.017440593758939
249,10444.577082907419,4.034899832696669
250,10713.554702286876,4.563607244801606
251,10820.293723945857,5.213700176467841
252,10896.32934675941,4.11688608315739
253,10915.61096360941,4.027405896129896
254,10942.310892723495,4.08819590604096
255,10957.093318112893,4.435668681181299
256,11138.384816411679,4.163123688152248
257,11209.130625665093,4.185126751255679
258,11333.416278877881,4.095100860729078
259,11526.794140714179,4.496068261645085
260,11569.46367551433,4.614072600951007
261,11571.054723704328,5.478893177047888
262,11588.34747789721,4.497287241915925
263,11592.119711660209,6.112117623243239
264,11593.214179329212,4.021014938202272
265,11598.229931846088,4.505718731112573
266,11642.310569827303,4.435358603507236
267,11673.739697340636,4.595818941558107
268,11692.635464259178,4.961684652508676
269,11707.704695245902,4.044674536450801
270,11843.279848709768,4.158062944679379
271,11855.38317568639,4.3859310902934645
272,11935.919748032373,4.311279702251175
273,11939.428014166655,4.314083309983086
274,11987.06394358147,4.130945491493428
275,11996.364181110335,4.226240960125951
276,11997.908786278913,4.137460455784863
277,12000.770282539606,4.552623448109868
278,12027.737394805914,4.675738661187922
279,12038.15648523118,4.163359233804657
280,12052.416365877338,4.543676346452408
281,12053.186785346332,4.402284466452569
282,12055.232219899328,5.459847762951249
283,12059.216051951355,4.650639179620479
284,12064.190388132964,4.150388001914848
285,12101.298003714537,4.164531794788545
286,12103.691124282395,4.045574498979924
287,12133.818893154341,4.693131345551935
288,12189.120745664595,4.014445106594502
289,12251.791138874318,4.18702825894861
290,12270.046274355336,4.3166614971512
291,12310.44915981478,4.569788428979583
292,12367.692187369792,4.169497960341282
293,12432.261129048402,4.177014734842541
294,12453.735115725856,4.158875022849834
295,12509.010486599953,4.086123322169422
296,12527.543700937455,4.042805174867742
297,12549.164619257175,4.464006325038403
298,12586.535531437268,4.613701115443934
299,12590.935745241273,4.278553540405332
300,12821.819273926712,4.361630320883869
301,12832.369701123496,4.144060315471673
302,12861.631409065023,4.739853998179853
303,12865.104030599376,4.604377374843926
304,12874.004057296863,4.475457670418013
305,12891.045911163867,5.028224475107261
306,12904.05249751397,4.3520994054275
307,12905.03762727596,4.228534533843678
308,12905.949522438726,4.246153610654488
309,12925.764432583726,5.335065175364747
310,12929.730665563728,4.338615236610241
311,12972.766076407719,4.430298313517155
312,12978.581928284526,5.596377040669031
313,13113.713525664109,4.112927779678458
314,13184.531304772916,4.175857027181197
315,13407.643443090486,4.288190994819232
316,13456.024973825359,4.093394465699765
317,13463.790981127315,4.247892939649866
318,13466.725401910313,4.477547208341296
319,13469.054499151216,4.118153581022506
320,13476.538250470208,4.582640812664973
321,13498.49689644067,4.7185280650056125
322,13498.601619094676,4.19028415496104
323,13554.574832147524,4.017522179634178
324,13572.224929374514,4.066057802785189
325,13582.69620489611,4.328193013721641
326,13582.739420884329,4.236844723312395
327,13627.814823179502,4.231444438157592
328,13852.467981248368,4.384748990751483
329,13874.196477603333,4.061277837940914
330,13962.02403428949,4.169948170599411
331,13986.200668657395,4.08315418412246
332,14085.273055352603,4.028842633428802
333,14092.383072718114,4.209195143250435
334,14116.257654246458,4.619537600688055
335,14193.41217327728,4.158942654052124
336,14193.44171169081,4.781935360300331
337,14198.977610391805,4.146137562492015
338,14364.292452293888,4.009595302052986
339,14374.614630989814,4.582454907097176
340,14408.69079914022,4.448199671718184
341,14420.591975197003,4.295744209022416
342,14582.570157478624,4.016737029350485
343,14633.468850323055,4.140753734217849
344,14747.757307835636,4.724504632543991
345,14749.103445384399,4.889569463937688
346,14756.248514560393,4.482031727317923
347,14778.208987390393,4.358266526070479
348,14828.676345359074,4.10316207114513
349,14877.94727384647,4.143722802150212
350,14878.776325290428,4.022885376725215
351,14880.433343811539,4.786479020809244
352,14893.000763422628,4.563971574284476
353,14920.449854785265,4.2402304506194906
354,14965.554369336689,4.282318719769636
355,14978.533408478437,4.547538422909776
356,15036.831986210278,4.482485048831741
357,15226.037823257211,4.091009062867049
358,15239.696716718427,5.184366567006848
359,15261.97185261463,4.399944185576205
360,15271.19061692662,4.209434204857349
361,15386.46504839463,4.029009556585952
362,15403.733809466401,4.150585342758134
363,15424.285786734445,4.372428063428934
364,15427.440063989225,4.104620897877362
365,15434.632931665914,4.2474627495125565
366,15557.770805152848,4.047665945629568
367,15689.102219514793,4.592792990323536
368,15699.878788965081,4.507380018384479
369,15800.058104104271,4.260468992739764
370,15800.401580535266,6.34455075592205
371,15802.799156013263,5.363205219675804
372,15824.196394438264,4.163822087016686
373,15922.542865409618,4.6373565077566905
374,15987.892379462268,4.0320344045727925
375,16037.379272286771,4.017823994032875
376,16046.838653125196,4.853846662801091
377,16077.21225254779,4.203264727175187
378,16095.806078051632,4.433371703086689
379,16373.419871400058,4.21495650364882
380,16418.17937271537,4.279581284998695
381,16452.246573411237,4.095909484041326
382,16513.862904281978,4.6531274869852
383,16571.90971185229,4.6817505524598
384,16663.065166134074,4.974697769035259
385,16911.338698344953,4.106733464168233
386,16911.849992939955,5.7463104317952425
387,16911.913586216946,4.238498797584244
388,16984.014575197467,4.196644684312791
389,17046.65704757808,4.140725039252689
390,17056.65072366633,4.96232210518004
391,17071.405482747847,4.0441345951523004
392,17162.913590300635,4.24393978518074
393,17193.724045279952,4.2243967085553855
394,17216.823810583566,4.144414636714774
395,17472.87122244067,4.640322300633126
396,17506.369202976573,4.028910067161294
397,17628.45483952301,4.444421177630709
398,17751.591629319955,5.362291784581415
399,17752.116272138253,5.376187479342621
400,17752.417540053946,4.119289108360865
401,17769.38900124125,4.101076837620636
402,17786.57008444176,4.079546908889921
403,17826.01171312413,4.117819220869729
404,17833.434870946643,4.556561701458369
405,17987.603769182304,4.478809175243339
406,18011.617371655982,4.043128656337163
407,18112.752990301055,4.081784959597923
408,18195.834794040024,4.375459196432059
409,18218.394335719862,4.222465758961064
410,18347.393985111874,4.081441615432956
411,18425.924153065986,4.164462840266788
412,18435.698109443936,4.179815720042219
413,18458.595085320198,4.090658655876132
414,18489.515467303205,4.430081506486272
415,18501.61838178721,5.289793776727487
416,18560.996977257626,4.038366464713726
417,18571.713712065324,4.200016340888789
418,18625.256919763797,4.074341061169369
419,18695.148151031783,4.576238266080923
420,18725.347246617803,4.3433393904151565
421,18728.0001972408,4.438506335434146
422,18788.201669540787,4.1456671737571735
423,18811.34116431228,4.229629621605117
424,18900.717039710184,4.138827122716673
425,18905.310801257452,4.261791821473205
426,18960.66178054235,4.35586608006115
427,19031.398480779884,4.1167141374276985
428,19111.320162132164,4.096863504306731
429,19442.910243980336,4.258570645071149
430,19460.57645335977,4.200341853678296
431,19495.21587164698,4.090622349141427
432,19506.942549661853,4.123933966100729
433,19581.138003435834,4.159214932248608
434,19645.260566175184,4.809090525659174
435,19672.605499435856,4.029508740173151
436,19716.641602731794,4.038013448374951
437,19815.20929254022,4.134177861614594
438,19831.610362956482,4.112956447219956
439,19944.12306422214,4.1351993638809965
440,19945.1179561691,4.609647885832436
441,19973.54665878405,4.049519960366997
442,19973.65067912604,5.2475564679544
443,20056.651931947108,4.097176707957941
444,20091.217363687232,4.081278311389656
445,20127.88542890499,4.209265856472318
446,20449.784677153206,5.817066203167501
447,20449.7949521522,4.458240995700296
448,20494.57326114604,4.121875375431065
449,20519.957579346737,4.789915333897299
450,20656.73245061303,4.442848724853748
451,20853.69302451941,4.646392061928033
452,20886.23116690088,4.021137500711158
453,21027.428780692742,4.357146556698195
454,21128.193507422628,4.141956396463184
455,21194.588022668355,5.385331159379891
456,21194.684224053355,4.093236168696585
457,21194.83533946736,4.041980709733588
458,21254.030810133496,4.208605273929673
459,21285.725590905335,5.209813140337777
460,21289.395464524456,4.192044210575192
461,21289.767702705452,4.896898647788874
462,21291.909773778254,4.120829185107532
463,21297.368942314457,4.233890225679078
464,21308.699898750485,4.604254727701004
465,21349.541716452524,4.354761572336098
466,21420.96701102133,4.340383801273609
467,21517.381665635774,4.475168781283982
468,21574.859324215788,4.0819538634597246
469,21579.197863127072,4.034396657143687
470,21608.081653165533,4.226215124208178
471,21729.39663987603,4.05186993485257
472,21768.384141596933,4.083634743272908
473,21890.393832358277,4.2771187900891015
474,21987.326881804052,4.505405661364081
475,22078.19640183118,4.737152845194579
476,22087.808348527524,4.005929761395443
477,22103.76036721742,4.327214212466548
478,22215.66893186544,4.211199069106762
479,22359.1318570978,5.064872472930613
480,22518.790616729675,4.031401330675468
481,22592.82956398368,4.749824983152582
482,22607.427144445937,4.484900940452175
483,22705.174476095348,4.479583603148585
484,22794.370865269666,4.197578480382164
485,22857.243801954515,4.18596714274279
486,22898.079408042224,4.154812007622365
487,22903.711471548355,4.139211051351582
488,23022.481110592522,4.841657644717778
489,23103.99347974752,4.9244820513799725
490,23206.906337015927,4.177450538754847
491,23241.490325521518,4.047540608094994
492,23275.17713663485,4.282859855195424
493,23304.22480014493,5.11746711530222
494,23322.710554067988,4.1093614643682885
495,23328.71378643707,4.2914474728822585
496,23399.197217566423,4.144410974199391
497,23470.830458083576,4.567797482045466
498,23485.7555948147,4.335489099267432
499,23598.557389405232,4.91983359092352
500,23637.66242715623,4.439923444525482
501,23670.276393880267,4.5653276776987655
502,23672.8150551661,5.106211854848948
503,23685.600259269097,4.034121745894165
504,23782.69295514117,4.079367789431212
505,23792.629194277964,4.28920874211307
506,23833.01732003133,4.115702220410219
507,24013.315708075264,4.089933464685663
508,24072.472534266515,4.822052862613981
509,24221.485282730846,4.153707272548492
510,24343.917303889237,4.980791607731632
511,24356.550545978356,4.148340058256365
512,24368.20104967123,4.389641599088363
513,24458.372258139872,4.30273194810318
514,24568.99277791719,4.340307137859409
515,24633.56811281235,4.032687385254274
516,24730.68431685279,4.466959557656509
517,24761.98763024993,4.297589753420307
518,24780.777414656066,5.2181668643253065
519,24915.733444394573,4.067332505121444
520,24997.713873771492,4.021599668571914
521,25012.043149920428,4.2176153476679055
522,25021.747129847674,4.170138311540146
523,25032.01631845589,4.330085884508421
524,25171.285709209573,4.332715739502852
525,25230.457791644443,4.239078379425206
526,25247.61027934595,4.805534031125728
527,25322.686375030822,4.312137757730879
528,25355.777792752477,5.7047189517026045
529,25356.646021303473,4.744677902123517
530,25455.001061680152,5.2233722069864905
531,25631.220849922836,4.657903589729999
532,25636.768117202533,4.280041557129344
533,25720.65921274662,4.251291041687581
534,25730.979631625334,4.341340237100539
535,25745.428267253657,4.116982134690841
536,25769.66662035477,4.283960889670097
537,25856.867273596054,4.23762649192869
538,25876.082903551065,4.212636014226994
539,25892.300199478934,5.850819083695631
540,25892.341336016932,4.3407150013892855
541,25970.864831930117,4.461561681270517
542,26012.097450369318,4.270639440344375
543,26037.56439615655,4.37904840076205
544,26098.45154928272,4.070762103588481
545,26103.66753769272,4.184054909759148
546,26107.676304816538,4.59672311821056
547,26128.40737216618,4.094500349791021
548,26186.87802499654,4.920186706842715
549,26310.517214311283,4.100355244939175
550,26343.25531369882,4.4058975001153
551,26364.73214792528,4.652088737771045
552,26385.760487202177,4.234772986257053
553,26463.7236360461,5.289344468358809
554,26464.47743112029,4.015155606374698
555,26464.6988944211,5.530719227388675
556,26467.735931220093,4.193058508775403
557,26555.287901463726,5.178444201992394
558,26556.68900196772,4.012265743148609
559,26697.29772586538,5.43787539932213
560,26799.340352858853,4.557980662683332
561,26800.53346861678,4.2163100306892565
562,26822.675249826054,4.489671516017919
563,26872.586741209456,4.133211524581509
564,26880.575540952465,5.463010101202935
565,27027.952536759076,4.048710011735814
566,27043.286778285776,4.030853547443074
567,27085.5956397336,4.298261717616225
568,27190.75920710736,4.018942620770693
569,27223.529291857918,4.2916280193060485
570,27225.430579705415,4.064778296108692
571,27273.407425304144,4.578929048039166
572,27338.75090872204,4.047221259381179
573,27428.969749731757,4.567987139166903
574,27466.556092494793,5.027992387409581
575,27467.911252453785,4.386485043385665
576,27469.449492991782,4.244454373335933
577,27472.575912001066,4.067124667987805
578,27502.34311623191,4.0509783967679525
579,27519.397796047753,4.073289019160342
580,27571.712576914906,4.434366888091241
581,27573.511088764524,5.354694236224704
582,27576.405254042522,4.353945813263859
583,27645.770318326828,4.410319433189558
584,27688.387073818194,4.557442996017185
585,27711.952437918055,4.736230716004217
586,27751.802472057396,4.494390471939445
587,27831.01858664477,4.674616308966457
588,27951.585564229365,4.217873434933268
589,27966.225598093923,4.845410890722244
590,28014.922116311227,4.010656837451608
591,28066.99153480963,5.1194975973820505
592,28176.107051492858,4.060641120219039
593,28192.94378065663,4.134050671849602
594,28193.405247315175,4.35450153618625
595,28222.460390898425,4.479649782894326
596,28227.623754378183,4.074727019823763
597,28309.312194416667,4.94233325567779
598,28488.604938090568,4.485424103639989
599,28522.9833437489,4.12495089487545
600,28560.202857151562,4.008061100677471
601,28592.076594275033,4.17247733494516
602,28640.382914240115,4.039922482669956
603,28643.831959611492,4.340876278920641
604,28713.364427553264,4.118385103157049
605,28714.779547974053,4.357196745975734
606,28799.483261991307,4.019512107205117
607,28814.859782437594,4.048117268510358
608,28836.29184282537,4.123768807628877
609,28840.612281498506,4.230854229078719
610,28841.23140188551,5.411433460176289
611,28903.941086013077,4.25492630501888
612,28904.484336603447,4.085755997648558
613,28907.912223806306,4.352792291935328
614,28912.570523319573,4.451580965734045
615,29068.313828689676,4.083415722670967
616,29083.86530390205,4.147500157753192
617,29135.87329665095,4.445531080283137
618,29148.45024037714,4.252716611552547
619,29149.633072133136,4.53676238006874
620,29204.79426107403,4.162086661963526
621,29211.837941639722,4.191679857408756
622,29308.64186651867,4.065671502166948
623,29312.490244435245,4.496232573216689
624,29321.432431682224,4.042151596223004
625,29520.045582814226,4.398406359102032
626,29778.936733492883,4.95057675355369
627,29867.654162254305,4.612410038919949
628,29871.76899103617,4.294079440600794
629,29871.947847607164,4.041075878357832
630,29908.17854453013,4.825543500534809
631,29941.22943364191,4.521742146411594
632,29960.880862851587,4.12935001415484
633,30003.25081798141,4.154315524764709
634,30021.015467188798,4.080708300511954
635,30078.617538987637,4.2040053405634925
636,30097.591783573414,4.2248069696406905
637,30105.348875490614,4.283236198346102
638,30129.7642910625,5.027534333030504
639,30146.434925805486,4.650985422410372
640,30166.631412185383,4.641727279939866
641,30170.547194333183,4.823575173673285
642,30190.90524057935,4.495043954328184
643,30253.686395609282,4.101590605322624
644,30279.521458604584,4.321195792804726
645,30337.509922409132,4.112136619463074
646,30352.853692567893,4.021199707822321
647,30371.47775258802,4.015202469139253
648,30424.139946091516,4.645524407089923
649,30491.637765666645,4.0279340788681655
650,30498.308810894723,6.232832223587727
651,30499.15542960272,4.0156921970658495
652,30569.928395338717,4.47220510581047
653,30616.03627428036,5.695729640919836
654,30616.150594473358,4.208072186483241
655,30623.820706206356,4.255482996376825
656,30999.9536949817,4.128089727155306
657,31019.8757248905,4.774993801281695
658,31020.50872496249,4.1938869357462
659,31066.014365840707,5.132481755898883
660,31107.486142945556,4.01998085361344
661,31170.75812773787,4.04907547001779
662,31191.944999460833,4.710378788239879
663,31192.71722722191,4.615010340725698
664,31253.858991625522,4.437275760424313
665,31323.590924376156,4.329668671904541
666,31406.35040720493,4.309077473475671
667,31477.47072981669,5.1543353159200445
668,31614.60288743264,4.193308709869644
669,31706.665557944652,4.827313069070819
670,31712.052156345857,4.021042467813987
671,31801.96319806427,4.047532429733234
672,31825.09014854764,5.243020125454832
673,32151.115942944583,4.02094533463057
674,32198.05231867169,4.0485249603522
675,32200.856418613148,4.138855119728476
676,32273.772187664825,4.393922743986154
677,32414.997115639955,4.758091985113036
678,32515.8737161611,4.200372054071579
679,32585.380103062675,5.607783152840835
680,32615.07878145389,4.668717560531533
681,32669.390174055137,4.309250560165448
682,32721.273033747686,4.52145465362843
683,32753.8267897905,4.727334864052457
684,32780.040394388765,4.2082946807430455
685,32798.65726682449,4.009241308443693
686,32823.42769911076,4.025309814060671
687,32874.37025560711,5.029446663873113
688,32920.74522419352,4.279774138321531
689,32984.806916310394,5.1929380438911945
690,33009.87064957495,4.378105529905412
691,33019.67385142124,4.258413455869782
692,33094.965875597336,4.492966448658821
693,33119.67721176998,4.618498468753424
694,33121.279433212985,4.317489875143794
695,33132.220779358366,4.494106470294238
696,33169.619318406796,4.275727790577559
697,33221.71558744944,4.790428195864357
698,33231.245265974714,4.091763998539326
699,33268.4338902001,4.269224225001169
700,33319.81772265799,4.427474718014137
701,33400.48418800863,4.449948772325401
702,33401.30501224163,4.15216093859275
703,33616.384583988634,4.116606575384708
704,33896.64289999059,4.220763094411238
705,33897.099017086584,4.366676753901263
706,33921.65306389621,4.606644003629436
707,34338.27913156364,4.166322756116629
708,34451.91282367576,4.689262775543044
709,34469.15409552077,4.003797419892556
710,34475.73174484644,4.200409748648164
711,34476.66450017146,4.13897413067608
712,34492.66845733809,4.117638670796143
713,34524.97301923345,4.156769914165906
714,34539.11177301309,4.483421795896703
715,34572.13375024715,5.104196890852258
716,34592.472538172755,4.310846370289558
717,34613.30419103971,4.036003488548566
718,34771.38131235478,4.407186457969903
719,34848.170076721224,4.057285044499128
720,35000.53939585735,5.334390348987373
721,35016.00251144709,4.007586547755627
722,35055.18525973929,4.56912866222978
723,35057.78565818429,5.095444779170025
724,35057.90318968329,4.286879812878603
725,35130.778724461656,5.299825889319523
726,35195.93350075221,4.05345934511668
727,35201.57393550021,4.327640701111846
728,35227.270005354956,4.432896330232252
729,35277.53941880143,5.019300671446475
730,35357.20207172535,4.945605312997939
731,35360.93884502542,4.378544662775305
732,35432.317638515546,4.507414372093676
733,35574.27497397302,4.866336665286799
734,35581.344992484155,4.495250780237439
735,35591.37947703714,4.78052838859538
736,35602.611675253516,4.137621726984245
737,35656.548940052955,4.203807640178992
738,35714.72152330708,4.394594605610168
739,35715.4231556644,4.366672220438197
740,35735.36628054654,4.106670790636549
741,35774.268484495486,4.195802191126642
742,35798.81103837455,4.510864452242864
743,35982.30321388698,4.183188978525879
744,35983.40590730193,4.082712606423968
745,35988.02250411536,4.423773726601892
746,35999.10027927671,4.082572809916922
747,36144.231002924214,4.367946834359724
748,36152.147959749214,4.069124145765838
749,36207.73376383139,4.5945494295006055
750,36212.25168689487,4.133981577630417
751,36244.08039554538,4.011261082526116
752,36244.5989235022,4.100362442978792
753,36288.58261112921,5.558779418995448
754,36293.438145677166,4.493686712797958
755,36305.22551061511,4.422520586942043
756,36321.110173645604,4.097671776480272
757,36367.212065842104,4.638938505664028
758,36445.78973543396,4.106882063927372
759,36577.50211434243,4.051983546336855
760,36664.37744061293,4.052956923234024
761,36701.01824677015,4.074266653907628
762,36713.56490953422,4.083562129818661
763,36798.704974359985,4.370143685676188
764,36801.65589445313,4.396344598915867
765,36826.59042352864,4.297001185632037
766,36833.703026072115,4.36351220700486
767,36922.053380333185,4.757005891786493
768,36943.1931185845,5.089714794385971
769,36944.078732009504,4.282497357027598
770,36956.862501398784,4.087080610826716
771,36978.81051493324,4.210597400273163
772,37012.08625468677,4.462358650035734
773,37018.512112348,4.168007522488398
774,37027.608120082536,4.005289420784067
775,37097.775415253345,4.676896392501984
776,37126.64090223778,4.454111463662005
777,37160.82711203803,4.5679288618220575
778,37184.01630009395,4.092242355123884
779,37189.324637911865,4.009352003978105
780,37210.36912417649,4.552114917416715
781,37230.453948906965,4.307707104152723
782,37267.00891344405,4.052530075482923
783,37413.28668865671,4.1665628846394736
784,37428.277096889746,4.018956578054532
785,37437.812989668215,4.081956059466256
786,37485.45837124301,4.053490973868289
787,37503.56271572619,4.008388084734988
788,37568.20440478804,4.279858817026449
789,37582.97016641544,4.269492883846315
790,37614.76438011228,4.3796641208078855
791,37619.545778987966,4.651934125572652
792,37620.48605795096,4.050427919811618
793,37634.217063224445,4.016569556788253
794,37645.415978398865,4.14436598908738
795,37728.74825704498,4.885886952303009
796,37759.88704170611,4.360515759624002
797,37796.770555601644,4.777179461752956
798,37869.376671083584,4.485719370052078
799,37927.3463364947,4.113191920603379
800,37950.46460864073,4.156273575095657
801,37995.071602386226,4.24474673483105
802,38075.191301377905,4.174722022638405
803,38115.314806119146,4.166275437317591
804,38168.2339474628,4.557639576806814
805,38250.05372055488,4.1224833739695885
806,38407.243932770565,4.283798981398847
807,38424.43209890348,4.664188828093876
808,38445.40786639443,4.616419539310255
809,38475.139337283,4.487979737539111
810,38546.103683897454,4.479110313974646
811,38586.154055164894,4.177841961912593
812,38607.86988233147,4.016335282418158
813,38633.7539267119,4.066656303019769
814,38664.21513175168,4.196836103907776
815,38664.26445516567,4.50247695277556
816,38816.091616299826,4.210288827103078
817,38887.71300032472,4.392915948702772
818,38888.5904412636,4.120971582790148
819,39101.95816425413,4.404503216414666
820,39146.85732684396,4.094599072807538
821,39148.28433503079,5.73151254557819
822,39153.24184297103,4.025629250965115
823,39213.71213118731,4.151438863855317
824,39226.23765525933,5.085344469696223
825,39278.69260419165,4.008463712191093
826,39303.08763176272,4.417528467506042
827,39326.70198413715,4.091780982491846
828,39360.887186833126,4.135925415869053
829,39438.093544655465,4.852092847618786
830,39456.6051074143,4.230672332285135
831,39456.6206720073,4.429682332606095
832,39568.39159674536,4.195133891011943
833,39592.5857777891,4.537678686751232
834,39640.931156123865,4.32529358832155
835,39641.80188769014,4.38082420270781
836,39707.982032631866,4.155173552846193
837,39780.59816060766,4.288689956566751
838,39818.264447955684,4.238569907151965
839,39962.28799425603,4.13891791614105
840,40014.21624724091,4.352461874155658
841,40015.059534358494,4.04913339735025
842,40031.11315685789,4.555672317632268
843,40058.85500117823,4.352021352830755
844,40182.639934331884,4.380871313080541
845,40198.572153865425,4.542244447940471
846,40244.03582068088,4.000076349309873
847,40285.69148659359,4.211937508045136
848,40286.46018887958,4.398575559873175
849,40294.63405750705,4.219409531518785
850,40309.29134734266,4.403661212515999
851,40358.17231381141,4.5332270354747495
852,40365.764804567196,4.189519712723588
853,40401.387990768504,4.109749786422034
854,40434.824308661795,4.69847357787337
855,40777.285051648345,4.016574429945763
856,40807.42736113091,4.192525586378437
857,40832.09036949214,4.559697955465241
858,40856.82943014069,4.93853975265353
859,40873.126477396196,4.772040850527723
860,40919.82710396586,4.500750226820205
861,41229.40262457411,4.271761408357964
862,41317.12588130733,4.267689535951746
863,41322.34878094832,5.480875106456899
864,41324.60908729821,4.101851512836358
865,41343.69847018832,4.628062110315132
866,41362.46451134021,4.182110604225692
867,41462.252022279725,4.190081402523261
868,41468.681814417665,4.3848758339384375
869,41478.07872711765,4.1433888831126655
870,41481.03980535566,4.113598431580973
871,41481.83188518866,4.004159069082656
872,41500.35966153766,4.302231866313228
873,41568.63240886531,4.027165453260766
874,41596.012704035624,4.543671839772837
875,41667.986928126935,4.896588805965138
876,41686.768892282,4.148942227614434
877,42004.24128968184,4.518091423040843
878,42020.883035690116,5.316421552010001
879,42108.21996516424,5.154637724637633
880,42155.97502839972,4.151888793006459
881,42179.858831636666,4.0753007904536425
882,42359.78739457166,4.043581452493815
883,42360.349955641206,4.370073967581343
884,42410.27726693532,4.270262289324995
885,42413.53161684412,4.563556088538592
886,42434.16243519412,4.023538736819723
887,42497.82918952772,4.833465443916479
888,42499.857044044795,4.710882562542752
889,42540.025141801016,4.270017124762146
890,42660.60930796724,5.00489974413926
891,42661.57126622824,4.85674955702089
892,42689.81153694772,4.084081705752491
893,42790.09118790427,4.209469102916236
894,42790.822483298274,4.123709859517093
895,42844.87321119853,4.453341785534748
896,42866.93856722841,4.233338645822929
897,42868.16259896854,4.497133563713523
898,42947.597870957696,4.267638569869478
899,43004.600846056,4.088162839172396
900,43011.00135924152,4.369758228086461
901,43017.85825528514,4.353394019266408
902,43030.730301356554,4.208269372906484
903,43035.111800293394,5.821474179056578
904,43090.88357325051,4.333772079537377
905,43096.02819250151,4.076491661336965
906,43096.8970362695,4.218737416192568
907,43118.83807541682,4.86638531858966
908,43166.51455608999,5.445152454633993
909,43166.62113609198,4.485350852306855
910,43167.338732497985,5.319115428035014
911,43175.35010554412,4.908038592393092
912,43186.38486957875,4.600916594950261
913,43236.221951772764,5.243980166786333
914,43290.344710039244,4.560266263093158
915,43297.74612575538,4.062438278067878
916,43455.03599648933,4.539197009038807
917,43458.36534250817,4.022247140499292
918,43558.97758338485,4.430795272545327
919,43683.65063391515,4.222000462602768
920,43774.848826916656,4.967202001859029
921,43776.051639879144,4.227276114931785
922,43802.86060962292,4.100925219868245
923,43835.158407288174,4.810711654870735
924,43891.80039697392,5.058906599323873
925,44014.92500520838,4.432595990644606
926,44180.27164780457,4.383378148072528
927,44183.3636054309,6.600837074689616
928,44185.299159534894,4.039384507888535
929,44186.008867275894,4.548065165528643
930,44258.00645709912,5.157193446639203
931,44289.23046262875,4.037217587862326
932,44362.054547943575,4.637107767564295
933,44380.55211327507,4.245165265138606
934,44452.047495510626,4.15308139589432
935,44459.42854846442,4.024687550652457
936,44479.99058377654,4.229715042748873
937,44509.912653757085,4.35839810434582
938,44545.58917710726,4.02104042426819
939,44571.37690825625,4.193179725459609
940,44661.52827117111,4.172486053796033
941,44730.26590393934,4.200338597494953
942,44825.29576607697,4.485323332726765
943,44841.70542365848,4.04908001286848
944,44846.887522777964,4.124170494979342
945,44851.34005860529,4.007951557386352
946,44853.50499440672,4.046751330779168
947,44863.11678765991,4.100280372343839
948,44981.42774891441,4.207830049062378
949,44981.435793772405,4.251325202483532
950,45008.54113631127,4.136716061707858
951,45020.17133332926,5.68438239861777
952,45036.18825474661,4.059406980749548
953,45038.23155238513,4.440770259110527
954,45124.282843775785,4.4609645839788215
955,45213.81432663,4.066811114178602
956,45229.30701567282,4.030137892006977
957,45325.716181459386,4.006811296692369
958,45374.81991632986,4.128491254550244
959,45376.536190795836,4.729534266874693
960,45408.08738144524,4.186092746250391
961,45464.935824773354,4.387970782675083
962,45503.89973219128,4.104202798239446
963,45520.63142487202,4.203027413285774
964,45521.876428835705,4.077561793136544
965,45527.080147865425,4.130073756575127
966,45540.690680768,4.842684420077908
967,45543.97930999699,4.146505043940154
968,45575.1810864945,4.516314314043026
969,45636.712536697756,4.796394522942608
970,45681.59153782847,5.348349546588148
971,45771.60101278949,4.012033948292587
972,45778.50469883979,4.211690741649002
973,45838.62819349902,4.353916097514282
974,45868.35443451046,5.027006481278301
975,45886.272132644815,4.084291679719227
976,45934.46660672833,5.8242644178739695
977,45947.94141879806,4.170348177148908
978,46022.87941102132,4.400449960312437
979,46047.445584716144,4.081058687921297
980,46085.906790334215,4.782601837061495
981,46128.809745266866,4.078083494215383
982,46161.59874254304,4.665207840977748
983,46259.9102999781,4.020210290166815
984,46415.046018362926,4.981171286157821
985,46490.784460992174,4.03216985549655
986,46553.84453608495,4.070242262781843
987,46664.35065361979,4.697147526098902
988,46668.183828566536,4.005083748034009
989,46676.56094722631,4.191452807938826
990,46721.17960465242,4.146264591249611
991,46726.01489856641,5.490603400776372
992,46727.94426959341,4.085772176894054
993,46732.083237979714,4.492792412925175
994,46800.80447155621,4.0173458452838124
995,46813.89671749947,4.419508727763324
996,46825.93281495646,4.2290117546196
997,46842.2601738423,4.121116249519118
998,46852.46100176282,4.033232296445213
999,46867.609246232954,4.255603178525504
1000,46876.603259632546,4.05526382185006
1001,46877.90273740684,4.242971988809927
1002,46879.95754810586,4.472187268357274
1003,46886.564757622546,4.025537133773886
1004,46921.84985089318,4.421480640200052
1005,46985.45939657914,4.019356190302773
1006,47017.41235505524,4.114389890433298
1007,47078.072139323296,4.059952198469771
1008,47170.51569224537,4.482602294655915
1009,47272.29215360247,4.991208184405643
1010,47278.69691953947,4.785112474975007
1011,47287.06185124105,4.994609506533412
1012,47290.3184407165,4.444561075433558
1013,47291.18140137505,4.677027873881173
1014,47313.310176761806,4.453388937124752
1015,47352.44733813989,4.619466811149682
1016,47388.752405699626,4.035382933938786
1017,47448.465479986306,4.180798561461314
1018,47565.17615881842,4.174162909046128
1019,47581.43459185742,4.223015065295257
1020,47598.060098094385,5.865150929454977
1021,47617.11171796338,4.186880818641008
1022,47671.96351411904,4.131217618603486
1023,47682.45560998882,4.687719889340234
1024,47713.16730755582,4.311227464468901
1025,47807.8298573953,4.682825733023309
1026,47823.95319112083,4.914010398627687
1027,47842.205480262695,4.032827217033619
1028,47849.9393063969,4.294798160578299
1029,47918.220530470026,4.280968379707415
1030,48069.07537920747,4.2987789008335975
1031,48071.96107078745,4.243127773278324
1032,48072.50486935746,4.095120622121671
1033,48141.21173557016,4.373349167169784
1034,48250.185647691076,5.399750953295552
1035,48322.011188134005,4.045670368555475
1036,48415.89453576737,4.23494262808368
1037,48484.96897631693,4.459580501623231
1038,48506.462468812395,4.197417057030384
1039,48511.9216453303,4.309592346577887
1040,48526.9878636325,4.0046328438981815
1041,48624.76897504976,4.2099178775289845
1042,48629.56166254333,4.604633268443383
1043,48676.15651162607,4.008272174189114
1044,48700.97359782912,4.199236651302456
1045,48716.48484521991,5.116635494153099
1046,48716.777858928,4.7774413497132215
1047,48727.09560707109,4.389165700253959
1048,48780.017852190475,4.338805469376478
1049,48804.02318303005,4.07534243265399
1050,48816.08589593974,4.860987088418415
1051,48818.15859074674,4.573321128869508
1052,48897.06727411372,4.293025217302059
1053,48916.28159515535,4.0268817941564645
1054,48956.00715160391,4.8583561501049415
1055,48991.54377028105,4.6067420318931305
1056,49016.220233862325,4.14452459447997
1057,49038.93142749222,4.489046865311769
1058,49069.947462365824,4.57249179991355
1059,49071.82562073582,4.22827194587144
1060,49083.5423822356,4.6184374365301935
1061,49309.975692275904,4.116367694492112
1062,49311.972365704896,4.116450029911473
1063,49330.11465977102,5.302812450938726
1064,49341.70307285575,4.877780934244985
1065,49428.99125063432,4.379915176863888
1066,49518.18042700435,4.70465346412864
1067,49527.09423313256,4.394648737631873
1068,49534.86727047985,4.733384886028312
1069,49538.75182560311,4.063124086095825
1070,49540.25570793073,4.472493497411752
1071,49559.19058706153,4.382613627223311
1072,49587.329906375824,4.14601602968848
1073,49833.509194420716,4.230147462488723
1074,49893.77344504272,4.6226976348531394
1075,49899.97778656516,4.031465739200007
1076,50020.25378981732,5.237176568798107
1077,50049.08711037991,4.623878338523947
1078,50064.13375771768,4.06488565419456
1079,50091.05002634659,5.192042666733413
1080,50095.87997113758,4.418867691398809
1081,50159.05331772288,4.093348543616004
1082,50212.57032243772,4.070888724811407
1083,50266.581040576086,4.082373468558234
1084,50615.204527133865,4.089770435156174
1085,50642.2584766857,4.331485071512541
1086,50658.15318114822,4.43986278942552
1087,50668.88262884018,4.1375866148253095
1088,50686.62943191476,4.266739035436496
1089,50748.78287295942,4.337063990172995
1090,50750.37755600942,4.097243264824582
1091,50790.843158650394,5.093328993518128
1092,50791.65505229439,4.276704077961845
1093,50865.345676910714,4.659942614190262
1094,50914.20116772933,4.295146522268018
1095,51103.93046997053,4.43823878454489
1096,51132.475865048145,4.822930955746616
1097,51213.85310328623,4.192253636468381
1098,51219.025127612964,4.3978550398610246
1099,51267.96894221634,4.017150511380167
1100,51288.09125359338,4.076573594997366
1101,51290.15685823538,4.032018618859024
1102,51302.90829251404,4.181299756608384
1103,51306.74799571404,4.353998988855826
1104,51358.899655956746,4.247550410455907
1105,51432.90395095262,4.173873239324047
1106,51549.79515059834,4.384082268993542
1107,51575.089638800535,4.735286242761766
1108,51587.56895172022,4.188495861020814
1109,51600.37410348522,4.046326849041472
1110,51617.51318256201,4.04155877939378
1111,51625.58358914169,5.23018928545665
1112,51654.16090153074,4.04340299166274
1113,51654.19852784074,4.195939753732049
1114,51692.18489125417,4.416564249878828
1115,51757.36554211522,5.069982517005391
1116,51834.01413107605,5.07594397888926
1117,51846.50757434343,4.152982289054977
1118,51905.11903468434,4.153432076345144
1119,51929.97145608315,4.449663400891485
1120,51931.47992939603,4.154231860011709
1121,51931.56291729603,5.094636270611906
1122,51942.70900381615,5.025317813718198
1123,52180.14809772368,4.001699199221055
1124,52193.2818789471,4.2508296925779145
1125,52197.64572941224,4.157262579714445
1126,52218.86552021463,4.102681977368099
1127,52267.56903139217,5.4792574574155255
1128,52475.27893916028,4.66755464680977
1129,52713.625544184215,4.412250613870983
1130,52737.596219291205,4.359701011250271
1131,52803.2074794022,4.105258778460293
1132,52814.80750079661,5.165003714295337
1133,52830.440181219106,4.018638807389155
1134,52867.85992287005,4.141055044218692
1135,52870.779489031585,4.317554080402682
1136,52958.45555321509,4.131851635758187
1137,52999.99080456293,4.111376705862286
1138,53191.07969753299,4.263334162113472
1139,53196.39802174559,5.420795888579102
1140,53199.4613045866,4.152805513324432
1141,53239.46071106881,4.819425351247659
1142,53242.07278579774,5.158672461114355
1143,53247.70641937074,5.310561096572032
1144,53372.14080522059,4.341942763500537
1145,53388.765636724755,4.053922461513547
1146,53506.58030722325,4.029429752243015
1147,53535.4046746176,4.067063224447594
1148,53539.75916134576,5.095913025750843
1149,53675.7169608267,4.123278710218788
1150,53695.72723513427,4.26779721617439
1151,53782.7390465933,4.5279893253460255
1152,53806.23742323456,4.330563080000423
1153,53845.71959484667,4.618766572949222
1154,53856.84534700196,4.060216141013758
1155,53863.76899436001,4.5904768905020745
1156,53875.84986196196,4.011095481822622
1157,53894.9850911497,4.6205371504931625
1158,54018.65062400861,4.167916593490205
1159,54137.742445677046,4.146701912112626
1160,54144.60600435003,4.871982115735958
1161,54146.14863642456,4.802465795998536
1162,54159.62131270991,4.018479939320983
1163,54314.5177677869,4.787900264409712
1164,54324.195571792916,4.042940480594602
1165,54465.633853860185,4.366353611150329
1166,54598.357696080275,4.213654125639119
1167,54656.667759019016,4.127513504386479
1168,54661.17992491602,4.373123189933614
1169,54682.32799596087,4.130325950198048
1170,54703.04238605396,4.4513136427294295
1171,54720.054615347304,4.357668623612049
1172,54810.23235782649,4.129798084457352
1173,54850.09384009352,4.650268136299301
1174,54926.2972825362,5.3574957712319335
1175,54928.1835510372,5.784140217352965
1176,54935.15321262377,4.356932033116556
1177,55048.70825850402,4.307328486862292
1178,55145.00840875256,5.136806754733732
1179,55157.706971594765,4.0253652562154425
1180,55224.8039214512,4.395100497482313
1181,55260.86071002757,4.4289101508393935
1182,55278.36950820946,4.428662905231665
1183,55355.657796029875,4.25980881258395
1184,55359.915728235246,4.616185257180334
1185,55425.97818644023,5.3275613970433735
1186,55432.753310353924,4.751548603194493
1187,55448.93667910049,4.612806752694569
1188,55484.323519820624,4.0261202444841775
1189,55543.94228859921,4.142302955900078
1190,55581.94829268124,4.261301268950879
1191,55692.22515532434,4.234289313303405
1192,55719.79756375186,4.172893501284666
1193,55909.51868968639,4.347595957174455
1194,55921.29136714986,4.985035126629148
1195,55986.09813517256,4.8596507003449965
1196,55993.78898919417,4.772265479125318
1197,56048.343806819306,4.210415637312719
1198,56140.78594806484,4.1866368243712495
1199,56140.82396869185,4.219133190617392
1200,56171.2797620535,4.284602037018882
1201,56211.46916714147,4.826366213520635
1202,56218.63806239847,4.342122134647598
1203,56244.21235027068,5.000186359350771
1204,56252.059795445864,4.176900427791338
1205,56258.77786320338,4.102457495456058
1206,56259.60197789372,4.131520362771228
1207,56276.75834136847,4.399827825292665
1208,56308.982820822486,4.053311070392283
1209,56340.16126044964,4.160489533328994
1210,56556.865892917456,4.150783625159757
1211,56613.75170055291,4.434494844342355
1212,56614.824116115764,4.685000822265904
1213,56647.7758947439,4.01455348715813
1214,56708.517914406504,4.112100597322842
1215,56734.53389095448,4.668670540510433
1216,56741.69820015748,4.606828545371847
1217,56741.90917002647,4.323825055930069
1218,56805.79334394374,4.52609386642126
1219,56811.45333131352,4.25334833174316
1220,56950.308411002676,4.711185145188239
1221,56991.73707033428,4.067876956299125
1222,57101.74161319704,4.065409573991671
1223,57239.50937625311,4.268786467094182
1224,57247.65154214639,4.048623495408579
1225,57312.30314606303,4.147688424320593
1226,57313.696370360325,4.408121951511458
1227,57318.48334326846,4.29799374580533
1228,57322.362439895325,4.218838232584949
1229,57334.97214792355,4.109359200841606
1230,57342.47133340671,4.119636735703924
1231,57348.84233416166,4.193885601682779
1232,57351.16556471559,4.022620477185745
1233,57353.1346549087,4.1572527102263175
1234,57505.81688228881,4.302870993228598
1235,57522.12656108164,4.63234058222838
1236,57559.17587849434,4.77088804356997
1237,57564.61501040824,4.022761292210086
1238,57567.607486237335,5.685130240227363
1239,57568.824098318335,4.22451896427491
1240,57570.28660036333,5.134483031737034
1241,57599.3156232662,4.090589074672336
1242,57607.77118878536,4.274608853162493
1243,57674.54205534761,4.581652828739484
1244,57688.64196823133,4.02641218556606
1245,57693.40594245662,4.23131892378475
1246,57708.771405902335,4.3506806530398014
1247,57713.408241530014,4.394982154556999
1248,57728.71181520034,4.389005826872006
1249,57757.78342330679,4.524931608364183
1250,57758.00983674409,4.298765344022451
1251,57774.908890221064,4.244978659442625
1252,57784.0349380447,4.826705968838841
1253,57784.2000632317,4.602868835500203
1254,57863.15465213058,4.1364009889415705
1255,57881.06291721527,4.219148482342505
1256,57881.212226961135,4.0211248703780775
1257,57917.64852670175,4.02909597594359
1258,57961.47966657405,4.007505517568313
1259,58040.0873823125,4.243995904859237
1260,58054.44930417235,4.024494614900495
1261,58055.88208500235,4.629633869287812
1262,58092.58013478925,4.1496493989906735
1263,58107.48503559624,4.425005137598199
1264,58226.1881010924,4.294136396625708
1265,58230.67264677457,4.699808837047928
1266,58251.22051379301,4.231718038697947
1267,58326.820890973846,4.183923451359213
1268,58480.10666311693,4.421103763788082
1269,58488.81130733407,4.527520887712049
1270,58496.94008010053,4.094669299402407
1271,58548.68105367092,4.074048587243212
1272,58656.406704693,4.103028172611476
1273,58684.601353025464,4.515035244139998
1274,58711.349996089666,4.826473237532241
1275,58711.51835916366,4.422630651902299
1276,58721.35432546471,4.009873568043561
1277,58722.89102643065,4.249779638829253
1278,58724.40512303408,4.079527571389151
1279,58752.37899247951,4.502386924792944
1280,58772.70027403251,4.131670794363579
1281,58777.3081757211,4.398302069370837
1282,58848.95961486387,4.460771613426696
1283,58868.69992138459,4.115007716196375
1284,58874.457784873215,4.21584756309627
1285,58946.368465730055,4.031279558092853
1286,58977.04434269992,4.330575278921025
1287,59091.38304861529,4.833460908757141
1288,59106.409857626146,4.343514403553918
1289,59114.47823282774,5.912274835038622
1290,59119.25551256675,4.155965134969868
1291,59153.31677838249,4.211646142972848
1292,59205.640588332535,4.04008018634514
1293,59239.89293035626,4.041314734626109
1294,59254.09435425865,4.138731708699547
1295,59257.331459001645,4.057332638087589
1296,59337.809773343244,4.286672624827078
1297,59373.08688207339,4.433168141213784
1298,59413.982899712595,4.211676559861031
1299,59414.503457307874,4.006980888965307
1300,59486.20373862743,4.075320308457659
1301,59577.30309559573,4.78238858999349
1302,59660.983353189615,4.998337577270306
1303,59702.949514294145,4.682367623921456
1304,59706.01982971986,4.596384448142718
1305,59706.75793876185,4.073835068023581
1306,59713.50524767731,4.09663834988512
1307,59716.19732090135,4.286290241022559
1308,59781.47562573978,4.525463365181091
1309,59902.34110688045,4.1352153362752695
1310,59919.9056680202,4.076121462687026
1311,59951.58098573401,4.1442172199897405
1312,59996.7258015142,4.0464176296894845
1313,60017.92328506,4.127777574726123
1314,60091.89919551952,4.00095314110111
1315,60145.137510825916,4.1017565609785605
1316,60149.89148842441,4.162594952664039
1317,60188.44201681953,4.275688587696502
1318,60229.50663158119,4.355041990468605
1319,60238.94549949905,4.755869733917022
1320,60264.19780785346,4.889426755526191
1321,60265.62326844545,4.006240316210725
1322,60267.201328758914,4.123704916778399
1323,60282.32865744785,4.060099030658932
1324,60324.90322265484,4.06391003572806
1325,60336.16438537202,4.142631320643598
1326,60356.36001500094,4.037757674386251
1327,60422.019290105636,4.139200700044815
1328,60426.60297654247,4.148656909793953
1329,60430.436754988936,4.133727679612229
1330,60496.60256061492,5.048505229676286
1331,60497.27022446792,4.457265859524471
1332,60541.665477537186,4.051466418076
1333,60568.126267419066,5.9401676382189645
1334,60579.14166755706,4.074397844810045
1335,60707.96287932265,5.569596107477167
1336,60708.707217095645,5.304698203727147
1337,60788.92868304243,4.5548617227327215
1338,60815.27916654508,4.185248103491917
1339,60913.84964309368,4.14443902883723
1340,61091.315465444684,4.669824117034464
1341,61355.7051805447,5.106637248001423
1342,61371.19370341491,4.958545211693583
1343,61377.03104932141,4.044909563774792
1344,61384.308819942475,4.068768674970169
1345,61431.07839672705,4.543647315229103
1346,61447.51125091174,4.046929753227088
1347,61469.91963517986,4.187002133012395
1348,61500.25903396686,5.235104391261027
1349,61500.49502656086,4.0179692081193625
1350,61501.00564800786,4.091835915568524
1351,61502.24403813885,4.572717865828206
1352,61548.2255905845,4.086358782113599
1353,61577.92558237441,4.721590760774167
1354,61579.50373859605,4.525252200090559
1355,61594.09698642815,4.104212852526877
1356,61612.85765292582,4.209054958339259
1357,61689.75266010576,4.160034003268821
1358,61754.91798996016,4.493880279270147
1359,61761.18729500957,4.331177052951398
1360,61842.487091730414,5.222307277890405
1361,61844.134569885406,4.217221416455861
1362,61866.48912706877,4.260350064454918
1363,61867.05138866441,4.460356980435431
1364,61920.29371152516,4.244678546605045
1365,62014.73161220288,4.263105441731447
1366,62184.06354400442,4.0568952377060175
1367,62194.278211367746,4.805354314860194
1368,62237.38366914928,4.971869842019167
1369,62254.5809095172,4.2386551059417545
1370,62279.93762045551,4.042515792423005
1371,62280.42897664351,4.31627799579523
1372,62297.76005562904,4.139890694597057
1373,62502.78016101411,4.42574329577949
1374,62520.15724822493,4.069882458198029
1375,62662.29443089138,4.676466585446452
1376,62785.223372980865,4.068378950644591
1377,62830.2295145362,4.400743360946207
1378,62922.04198684303,5.809365833679808
1379,62940.16805799603,4.037729594003638
1380,62994.63906092843,4.167539263502664
1381,63014.0668319255,4.890978974444499
1382,63017.14721445543,4.412183933684212
1383,63017.43816262242,4.598392779622037
1384,63017.59522635742,5.09595853580457
1385,63018.398469487416,4.15358402805184
1386,63030.61451881501,4.188023418525953
1387,63032.12653296039,4.463855775172047
1388,63035.93924826798,4.415677056512771
1389,63071.268857519615,5.393961536837404
1390,63307.85974720463,4.196481257439819
1391,63339.82726001967,4.235174839947999
1392,63358.30742704614,4.123719626651364
1393,63366.43540018953,4.384411966921146
1394,63366.55976565853,4.721250058619313
1395,63370.51439088122,4.290491673126586
1396,63405.3107039031,4.224030986009179
1397,63454.57825404199,4.124029676154352
1398,63577.789833534676,4.417155230313083
1399,63598.82516933546,4.541592868321109
1400,63603.13125355999,4.898330969097459
1401,63629.600324599094,4.484508524256048
1402,63670.70798898457,4.6428874848204345
1403,63672.93960023787,4.090505772665624
1404,63692.89328234971,4.178682655836223
1405,63813.71185274702,4.896287729266581
1406,63844.15409900437,4.063982834287483
1407,64101.33377611113,4.647728374506923
1408,64218.56666786297,5.4141442930863946
1409,64239.64646085747,4.280656034426404
1410,64257.94096103995,4.031391471347259
1411,64258.258198939955,4.0494749150502845
1412,64269.13951435375,4.044073327765103
1413,64362.93024991302,4.417482001869589
1414,64436.87432863104,4.496312179554046
1415,64452.73111742167,4.27728698130518
1416,64483.454578627985,4.189132610439403
1417,64535.161937098215,4.295567514729354
1418,64559.59155080185,5.413797863279003
1419,64667.353798531156,4.740499528834188
1420,64749.81128196168,4.124619040689364
1421,64822.298650340264,4.1155298888157725
1422,64858.719429562996,4.222319777297717
1423,64920.63267222197,4.19029773276673
1424,64922.854734746965,4.280207036801185
1425,64933.048942251226,6.228494453611666
1426,64935.30063207322,4.839653525690943
1427,64936.25629248123,4.568237956184668
1428,64943.03124634743,4.056762511638194
1429,65019.89322223073,4.225014972172045
1430,65022.18752493073,4.510300374032294
1431,65106.690686466274,4.066173069155978
1432,65115.12110161727,4.041631951701684
1433,65135.49863211155,4.313458946288169
1434,65155.769568728705,4.1716453677831336
1435,65160.397523905034,4.561808144034383
1436,65199.046175138574,4.699318189446608
1437,65258.94628887858,4.274071006790784
1438,65286.03932821566,4.5689371724944365
1439,65331.55832468604,4.824892165780079
1440,65406.21943656192,4.399158742939446
1441,65468.88306982985,4.191759035415092
1442,65512.352705517915,5.549319156301433
1443,65582.16313317291,4.573379898218389
1444,65816.7269606125,5.0827271558685645
1445,65888.9362165249,5.323935174238505
1446,65891.4557493025,4.270364635875248
1447,66083.55308342974,4.1640983108500444
1448,66106.98367189785,4.382526177909577
1449,66177.5173461449,5.152632428275039
1450,66210.20016324337,4.481053667145838
1451,66243.90919057261,4.1721456958795855
1452,66486.48011460142,5.022276763866005
1453,66487.35574795894,4.064211451129615
1454,66569.44607227555,4.228491801040232
1455,66588.41186787393,4.3823890472991645
1456,66731.82496565243,4.584843845384677
1457,66753.85293440164,4.060031993115121
1458,66815.84535517784,4.064998324998626
1459,66816.55881973059,4.541640492908512
1460,66928.46968070832,4.116813772607059
1461,66947.41730066859,4.029013574965329
1462,66960.38851907424,4.262156439081795
1463,67025.89021522924,4.100861896816564
1464,67064.7936204612,5.813705274876366
1465,67064.9363964342,4.028199139949036
1466,67091.2060216406,4.636357724326112
1467,67093.32073040819,4.379522900873049
1468,67095.12947034276,4.039322365511984
1469,67128.73281228796,4.143061258188233
1470,67180.529187637,4.176573759218663
1471,67207.07781254817,4.730601023577837
1472,67216.36368912618,4.232616278125252
1473,67322.46189169379,4.821472074597372
1474,67322.5821977878,4.06213709159247
1475,67364.97268234512,4.210960725149512
1476,67365.73418241212,4.0399402841789245
1477,67522.68352797139,4.202510669056347
1478,67533.40250412488,4.153428592820578
1479,67616.63931389248,4.2308332839066285
1480,67680.16420501082,4.0015901977711925
1481,67798.94344279943,4.440987709594513
1482,67849.05664188099,4.880087048554072
1483,67868.51906094642,4.349544372534522
1484,67919.29612218811,4.346188447480282
1485,67937.53598339333,4.010001241022975
1486,68014.43078136849,4.183536316675351
1487,68163.17727463455,4.252630907494097
1488,68179.13292654134,4.299631078580867
1489,68215.67839494796,5.469677725747889
1490,68225.3080996908,4.244882330349
1491,68243.39695718375,4.058964806414388
1492,68254.8519383803,4.012897515514368
1493,68514.08998268604,4.0672027200646
1494,68550.99142836532,4.257347746029224
1495,68595.2987155446,4.630674646821495
1496,68609.84569100571,4.272947350811763
1497,68661.77909601714,4.034814026824778
1498,68754.16396286315,4.538484022226777
1499,68760.21093762416,4.622004979524865
1500,68783.71849565557,4.435290330587488
1501,68788.60145163257,4.17560091303039
1502,68810.53239500811,5.105241254368502
1503,68834.53363586671,4.151433615751748
1504,68841.95802382071,4.243862266325335
1505,68892.69622460552,4.0159334032982725
1506,68892.71379523852,4.156367803514838
1507,68893.34178395652,4.04625233112208
1508,68941.58142854253,4.588911976756934
1509,68943.59570250053,4.590355200128515
1510,68970.30280713334,4.335589854951579
1511,69017.72561367313,4.09231541825138
1512,69068.96960662106,4.386926838717105
1513,69153.80041335172,4.625889662914815
1514,69187.44330913314,4.507301251626954
1515,69242.6391455725,4.308343294109386
1516,69287.64724309328,4.090953750590611
1517,69313.20396201109,4.10803473440156
1518,69315.10318166208,4.039587291030518
1519,69330.01352936297,4.238816927719521
1520,69344.88761076177,4.041412106559728
1521,69384.16736995419,4.223528686040543
1522,69480.41347597865,4.101828988659097
1523,69506.5473638755,4.080896300719056
1524,69559.38791633052,5.094254915079343
1525,69687.41363026587,4.176788597863647
